{
  "classification_val": {
    "acc": 0.4922372881355932,
    "f1": 0.5148502024291498,
    "precision": 0.4640964629286309,
    "recall": 0.5780678946124334,
    "roc_auc": 0.5054808493765404,
    "xgb_acc": 0.5001186440677966,
    "xgb_f1": 0.4840002099480379,
    "xgb_roc_auc": 0.5027253406732191
  },
  "regression_val": {
    "r2": -0.008295174706131059,
    "mae": 0.039485370600664725,
    "rmse": 0.056485405030742904
  },
  "backtest": {
    "logit": {
      "days": 52,
      "final_cumret": 0.2653494568527543
    },
    "ridge": {
      "days": 52,
      "final_cumret": 0.30060485620319805
    }
  }
}